<annotation>
	<folder>allimg</folder>
	<filename>Paper.406a6a0e-4f80-11ef-90f0-d8f3bc7d4bdc.jpg</filename>
	<path>D:\RealTimeObjectDetection\Tensorflow\workspace\images\allimg\Paper.406a6a0e-4f80-11ef-90f0-d8f3bc7d4bdc.jpg</path>
	<source>
		<database>Unknown</database>
	</source>
	<size>
		<width>640</width>
		<height>480</height>
		<depth>3</depth>
	</size>
	<segmented>0</segmented>
	<object>
		<name>Paper</name>
		<pose>Unspecified</pose>
		<truncated>0</truncated>
		<difficult>0</difficult>
		<bndbox>
			<xmin>139</xmin>
			<ymin>193</ymin>
			<xmax>338</xmax>
			<ymax>400</ymax>
		</bndbox>
	</object>
</annotation>
