<annotation>
	<folder>allimg</folder>
	<filename>Paper.5737f95c-4f80-11ef-b80a-d8f3bc7d4bdc.jpg</filename>
	<path>D:\RealTimeObjectDetection\Tensorflow\workspace\images\allimg\Paper.5737f95c-4f80-11ef-b80a-d8f3bc7d4bdc.jpg</path>
	<source>
		<database>Unknown</database>
	</source>
	<size>
		<width>640</width>
		<height>480</height>
		<depth>3</depth>
	</size>
	<segmented>0</segmented>
	<object>
		<name>Paper</name>
		<pose>Unspecified</pose>
		<truncated>0</truncated>
		<difficult>0</difficult>
		<bndbox>
			<xmin>232</xmin>
			<ymin>143</ymin>
			<xmax>374</xmax>
			<ymax>325</ymax>
		</bndbox>
	</object>
</annotation>
