<annotation>
	<folder>allimg</folder>
	<filename>Paper.1a05dc74-4f80-11ef-956d-d8f3bc7d4bdc.jpg</filename>
	<path>D:\RealTimeObjectDetection\Tensorflow\workspace\images\allimg\Paper.1a05dc74-4f80-11ef-956d-d8f3bc7d4bdc.jpg</path>
	<source>
		<database>Unknown</database>
	</source>
	<size>
		<width>640</width>
		<height>480</height>
		<depth>3</depth>
	</size>
	<segmented>0</segmented>
	<object>
		<name>Paper</name>
		<pose>Unspecified</pose>
		<truncated>0</truncated>
		<difficult>0</difficult>
		<bndbox>
			<xmin>178</xmin>
			<ymin>89</ymin>
			<xmax>426</xmax>
			<ymax>330</ymax>
		</bndbox>
	</object>
</annotation>
