<annotation>
	<folder>allimg</folder>
	<filename>Paper.299e97db-4f80-11ef-8601-d8f3bc7d4bdc.jpg</filename>
	<path>D:\RealTimeObjectDetection\Tensorflow\workspace\images\allimg\Paper.299e97db-4f80-11ef-8601-d8f3bc7d4bdc.jpg</path>
	<source>
		<database>Unknown</database>
	</source>
	<size>
		<width>640</width>
		<height>480</height>
		<depth>3</depth>
	</size>
	<segmented>0</segmented>
	<object>
		<name>Paper</name>
		<pose>Unspecified</pose>
		<truncated>1</truncated>
		<difficult>0</difficult>
		<bndbox>
			<xmin>247</xmin>
			<ymin>189</ymin>
			<xmax>593</xmax>
			<ymax>480</ymax>
		</bndbox>
	</object>
</annotation>
