<annotation>
	<folder>allimg</folder>
	<filename>Paper.11a03784-4f80-11ef-b4c7-d8f3bc7d4bdc.jpg</filename>
	<path>D:\RealTimeObjectDetection\Tensorflow\workspace\images\allimg\Paper.11a03784-4f80-11ef-b4c7-d8f3bc7d4bdc.jpg</path>
	<source>
		<database>Unknown</database>
	</source>
	<size>
		<width>640</width>
		<height>480</height>
		<depth>3</depth>
	</size>
	<segmented>0</segmented>
	<object>
		<name>Paper</name>
		<pose>Unspecified</pose>
		<truncated>0</truncated>
		<difficult>0</difficult>
		<bndbox>
			<xmin>307</xmin>
			<ymin>123</ymin>
			<xmax>528</xmax>
			<ymax>423</ymax>
		</bndbox>
	</object>
</annotation>
