<annotation>
	<folder>allimg</folder>
	<filename>Paper.0cd37b65-4f80-11ef-bdd3-d8f3bc7d4bdc.jpg</filename>
	<path>D:\RealTimeObjectDetection\Tensorflow\workspace\images\allimg\Paper.0cd37b65-4f80-11ef-bdd3-d8f3bc7d4bdc.jpg</path>
	<source>
		<database>Unknown</database>
	</source>
	<size>
		<width>640</width>
		<height>480</height>
		<depth>3</depth>
	</size>
	<segmented>0</segmented>
	<object>
		<name>Paper</name>
		<pose>Unspecified</pose>
		<truncated>0</truncated>
		<difficult>0</difficult>
		<bndbox>
			<xmin>305</xmin>
			<ymin>173</ymin>
			<xmax>511</xmax>
			<ymax>369</ymax>
		</bndbox>
	</object>
</annotation>
