<annotation>
	<folder>allimg</folder>
	<filename>Paper.48d18da1-4f80-11ef-a58c-d8f3bc7d4bdc.jpg</filename>
	<path>D:\RealTimeObjectDetection\Tensorflow\workspace\images\allimg\Paper.48d18da1-4f80-11ef-a58c-d8f3bc7d4bdc.jpg</path>
	<source>
		<database>Unknown</database>
	</source>
	<size>
		<width>640</width>
		<height>480</height>
		<depth>3</depth>
	</size>
	<segmented>0</segmented>
	<object>
		<name>Paper</name>
		<pose>Unspecified</pose>
		<truncated>0</truncated>
		<difficult>0</difficult>
		<bndbox>
			<xmin>134</xmin>
			<ymin>130</ymin>
			<xmax>322</xmax>
			<ymax>332</ymax>
		</bndbox>
	</object>
</annotation>
