<annotation>
	<folder>allimg</folder>
	<filename>Rock.e82a38b0-4f7f-11ef-9235-d8f3bc7d4bdc.jpg</filename>
	<path>D:\RealTimeObjectDetection\Tensorflow\workspace\images\allimg\Rock.e82a38b0-4f7f-11ef-9235-d8f3bc7d4bdc.jpg</path>
	<source>
		<database>Unknown</database>
	</source>
	<size>
		<width>640</width>
		<height>480</height>
		<depth>3</depth>
	</size>
	<segmented>0</segmented>
	<object>
		<name>Rock</name>
		<pose>Unspecified</pose>
		<truncated>1</truncated>
		<difficult>0</difficult>
		<bndbox>
			<xmin>366</xmin>
			<ymin>312</ymin>
			<xmax>624</xmax>
			<ymax>480</ymax>
		</bndbox>
	</object>
</annotation>
