<annotation>
	<folder>allimg</folder>
	<filename>Rock.d9c3d33e-4f7f-11ef-a2bd-d8f3bc7d4bdc.jpg</filename>
	<path>D:\RealTimeObjectDetection\Tensorflow\workspace\images\allimg\Rock.d9c3d33e-4f7f-11ef-a2bd-d8f3bc7d4bdc.jpg</path>
	<source>
		<database>Unknown</database>
	</source>
	<size>
		<width>640</width>
		<height>480</height>
		<depth>3</depth>
	</size>
	<segmented>0</segmented>
	<object>
		<name>Rock</name>
		<pose>Unspecified</pose>
		<truncated>0</truncated>
		<difficult>0</difficult>
		<bndbox>
			<xmin>434</xmin>
			<ymin>127</ymin>
			<xmax>620</xmax>
			<ymax>297</ymax>
		</bndbox>
	</object>
</annotation>
