<annotation>
	<folder>allimg</folder>
	<filename>Rock.e4909499-4f7f-11ef-a54d-d8f3bc7d4bdc.jpg</filename>
	<path>D:\RealTimeObjectDetection\Tensorflow\workspace\images\allimg\Rock.e4909499-4f7f-11ef-a54d-d8f3bc7d4bdc.jpg</path>
	<source>
		<database>Unknown</database>
	</source>
	<size>
		<width>640</width>
		<height>480</height>
		<depth>3</depth>
	</size>
	<segmented>0</segmented>
	<object>
		<name>Rock</name>
		<pose>Unspecified</pose>
		<truncated>1</truncated>
		<difficult>0</difficult>
		<bndbox>
			<xmin>431</xmin>
			<ymin>173</ymin>
			<xmax>640</xmax>
			<ymax>408</ymax>
		</bndbox>
	</object>
</annotation>
