<annotation>
	<folder>allimg</folder>
	<filename>Rock.c2f6f083-4f7f-11ef-ba27-d8f3bc7d4bdc.jpg</filename>
	<path>D:\RealTimeObjectDetection\Tensorflow\workspace\images\allimg\Rock.c2f6f083-4f7f-11ef-ba27-d8f3bc7d4bdc.jpg</path>
	<source>
		<database>Unknown</database>
	</source>
	<size>
		<width>640</width>
		<height>480</height>
		<depth>3</depth>
	</size>
	<segmented>0</segmented>
	<object>
		<name>Rock</name>
		<pose>Unspecified</pose>
		<truncated>0</truncated>
		<difficult>0</difficult>
		<bndbox>
			<xmin>317</xmin>
			<ymin>170</ymin>
			<xmax>572</xmax>
			<ymax>420</ymax>
		</bndbox>
	</object>
</annotation>
