<annotation>
	<folder>allimg</folder>
	<filename>Rock.b229e1f5-4f7f-11ef-a42f-d8f3bc7d4bdc.jpg</filename>
	<path>D:\RealTimeObjectDetection\Tensorflow\workspace\images\allimg\Rock.b229e1f5-4f7f-11ef-a42f-d8f3bc7d4bdc.jpg</path>
	<source>
		<database>Unknown</database>
	</source>
	<size>
		<width>640</width>
		<height>480</height>
		<depth>3</depth>
	</size>
	<segmented>0</segmented>
	<object>
		<name>Rock</name>
		<pose>Unspecified</pose>
		<truncated>0</truncated>
		<difficult>0</difficult>
		<bndbox>
			<xmin>257</xmin>
			<ymin>142</ymin>
			<xmax>423</xmax>
			<ymax>338</ymax>
		</bndbox>
	</object>
</annotation>
