<annotation>
	<folder>allimg</folder>
	<filename>Rock.015d5972-4f80-11ef-865e-d8f3bc7d4bdc.jpg</filename>
	<path>D:\RealTimeObjectDetection\Tensorflow\workspace\images\allimg\Rock.015d5972-4f80-11ef-865e-d8f3bc7d4bdc.jpg</path>
	<source>
		<database>Unknown</database>
	</source>
	<size>
		<width>640</width>
		<height>480</height>
		<depth>3</depth>
	</size>
	<segmented>0</segmented>
	<object>
		<name>Rock</name>
		<pose>Unspecified</pose>
		<truncated>0</truncated>
		<difficult>0</difficult>
		<bndbox>
			<xmin>255</xmin>
			<ymin>183</ymin>
			<xmax>389</xmax>
			<ymax>307</ymax>
		</bndbox>
	</object>
</annotation>
