<annotation>
	<folder>allimg</folder>
	<filename>Rock.002a1439-4f80-11ef-930b-d8f3bc7d4bdc.jpg</filename>
	<path>D:\RealTimeObjectDetection\Tensorflow\workspace\images\allimg\Rock.002a1439-4f80-11ef-930b-d8f3bc7d4bdc.jpg</path>
	<source>
		<database>Unknown</database>
	</source>
	<size>
		<width>640</width>
		<height>480</height>
		<depth>3</depth>
	</size>
	<segmented>0</segmented>
	<object>
		<name>Rock</name>
		<pose>Unspecified</pose>
		<truncated>0</truncated>
		<difficult>0</difficult>
		<bndbox>
			<xmin>223</xmin>
			<ymin>92</ymin>
			<xmax>385</xmax>
			<ymax>219</ymax>
		</bndbox>
	</object>
</annotation>
