<annotation>
	<folder>allimg</folder>
	<filename>Rock.f55d5a0a-4f7f-11ef-86ce-d8f3bc7d4bdc.jpg</filename>
	<path>D:\RealTimeObjectDetection\Tensorflow\workspace\images\allimg\Rock.f55d5a0a-4f7f-11ef-86ce-d8f3bc7d4bdc.jpg</path>
	<source>
		<database>Unknown</database>
	</source>
	<size>
		<width>640</width>
		<height>480</height>
		<depth>3</depth>
	</size>
	<segmented>0</segmented>
	<object>
		<name>Rock</name>
		<pose>Unspecified</pose>
		<truncated>0</truncated>
		<difficult>0</difficult>
		<bndbox>
			<xmin>409</xmin>
			<ymin>187</ymin>
			<xmax>560</xmax>
			<ymax>367</ymax>
		</bndbox>
	</object>
</annotation>
