<annotation>
	<folder>allimg</folder>
	<filename>Rock.fdc3c086-4f7f-11ef-bb3e-d8f3bc7d4bdc.jpg</filename>
	<path>D:\RealTimeObjectDetection\Tensorflow\workspace\images\allimg\Rock.fdc3c086-4f7f-11ef-bb3e-d8f3bc7d4bdc.jpg</path>
	<source>
		<database>Unknown</database>
	</source>
	<size>
		<width>640</width>
		<height>480</height>
		<depth>3</depth>
	</size>
	<segmented>0</segmented>
	<object>
		<name>Rock</name>
		<pose>Unspecified</pose>
		<truncated>0</truncated>
		<difficult>0</difficult>
		<bndbox>
			<xmin>248</xmin>
			<ymin>133</ymin>
			<xmax>388</xmax>
			<ymax>314</ymax>
		</bndbox>
	</object>
</annotation>
