<annotation>
	<folder>allimg</folder>
	<filename>Scissor.a24d25a2-4f80-11ef-b7be-d8f3bc7d4bdc.jpg</filename>
	<path>D:\RealTimeObjectDetection\Tensorflow\workspace\images\allimg\Scissor.a24d25a2-4f80-11ef-b7be-d8f3bc7d4bdc.jpg</path>
	<source>
		<database>Unknown</database>
	</source>
	<size>
		<width>640</width>
		<height>480</height>
		<depth>3</depth>
	</size>
	<segmented>0</segmented>
	<object>
		<name>Scissor</name>
		<pose>Unspecified</pose>
		<truncated>0</truncated>
		<difficult>0</difficult>
		<bndbox>
			<xmin>213</xmin>
			<ymin>112</ymin>
			<xmax>354</xmax>
			<ymax>299</ymax>
		</bndbox>
	</object>
</annotation>
