<annotation>
	<folder>allimg</folder>
	<filename>Scissor.73724be1-4f80-11ef-8af2-d8f3bc7d4bdc.jpg</filename>
	<path>D:\RealTimeObjectDetection\Tensorflow\workspace\images\allimg\Scissor.73724be1-4f80-11ef-8af2-d8f3bc7d4bdc.jpg</path>
	<source>
		<database>Unknown</database>
	</source>
	<size>
		<width>640</width>
		<height>480</height>
		<depth>3</depth>
	</size>
	<segmented>0</segmented>
	<object>
		<name>Scissor</name>
		<pose>Unspecified</pose>
		<truncated>0</truncated>
		<difficult>0</difficult>
		<bndbox>
			<xmin>148</xmin>
			<ymin>163</ymin>
			<xmax>309</xmax>
			<ymax>375</ymax>
		</bndbox>
	</object>
</annotation>
