<annotation>
	<folder>allimg</folder>
	<filename>Scissor.6b08c929-4f80-11ef-bb58-d8f3bc7d4bdc.jpg</filename>
	<path>D:\RealTimeObjectDetection\Tensorflow\workspace\images\allimg\Scissor.6b08c929-4f80-11ef-bb58-d8f3bc7d4bdc.jpg</path>
	<source>
		<database>Unknown</database>
	</source>
	<size>
		<width>640</width>
		<height>480</height>
		<depth>3</depth>
	</size>
	<segmented>0</segmented>
	<object>
		<name>Scissor</name>
		<pose>Unspecified</pose>
		<truncated>1</truncated>
		<difficult>0</difficult>
		<bndbox>
			<xmin>309</xmin>
			<ymin>141</ymin>
			<xmax>585</xmax>
			<ymax>480</ymax>
		</bndbox>
	</object>
</annotation>
