<annotation>
	<folder>allimg</folder>
	<filename>Scissor.7e3e9179-4f80-11ef-bd39-d8f3bc7d4bdc.jpg</filename>
	<path>D:\RealTimeObjectDetection\Tensorflow\workspace\images\allimg\Scissor.7e3e9179-4f80-11ef-bd39-d8f3bc7d4bdc.jpg</path>
	<source>
		<database>Unknown</database>
	</source>
	<size>
		<width>640</width>
		<height>480</height>
		<depth>3</depth>
	</size>
	<segmented>0</segmented>
	<object>
		<name>Scissor</name>
		<pose>Unspecified</pose>
		<truncated>0</truncated>
		<difficult>0</difficult>
		<bndbox>
			<xmin>185</xmin>
			<ymin>244</ymin>
			<xmax>441</xmax>
			<ymax>436</ymax>
		</bndbox>
	</object>
</annotation>
