<annotation>
	<folder>allimg</folder>
	<filename>Scissor.8dd5cf61-4f80-11ef-9b7c-d8f3bc7d4bdc.jpg</filename>
	<path>D:\RealTimeObjectDetection\Tensorflow\workspace\images\allimg\Scissor.8dd5cf61-4f80-11ef-9b7c-d8f3bc7d4bdc.jpg</path>
	<source>
		<database>Unknown</database>
	</source>
	<size>
		<width>640</width>
		<height>480</height>
		<depth>3</depth>
	</size>
	<segmented>0</segmented>
	<object>
		<name>Scissor</name>
		<pose>Unspecified</pose>
		<truncated>0</truncated>
		<difficult>0</difficult>
		<bndbox>
			<xmin>186</xmin>
			<ymin>151</ymin>
			<xmax>320</xmax>
			<ymax>347</ymax>
		</bndbox>
	</object>
</annotation>
