<annotation>
	<folder>allimg</folder>
	<filename>Scissor.903c4fc2-4f80-11ef-963f-d8f3bc7d4bdc.jpg</filename>
	<path>D:\RealTimeObjectDetection\Tensorflow\workspace\images\allimg\Scissor.903c4fc2-4f80-11ef-963f-d8f3bc7d4bdc.jpg</path>
	<source>
		<database>Unknown</database>
	</source>
	<size>
		<width>640</width>
		<height>480</height>
		<depth>3</depth>
	</size>
	<segmented>0</segmented>
	<object>
		<name>Scissor</name>
		<pose>Unspecified</pose>
		<truncated>1</truncated>
		<difficult>0</difficult>
		<bndbox>
			<xmin>291</xmin>
			<ymin>150</ymin>
			<xmax>549</xmax>
			<ymax>480</ymax>
		</bndbox>
	</object>
</annotation>
